{"$schema":"http://schema.management.azure.com/schemas/2015-01-01/deploymentTemplate.json#","contentVersion":"1.0.0.0","parameters":{"factoryName":{"type":"string","metadata":"Data Factory name"},"AzureSqlDatabaseLinkedService":{"type":"string"},"AzureBlobStorageLinkedService":{"type":"string"}},"variables":{"factoryId":"[concat('Microsoft.DataFactory/factories/', parameters('factoryName'))]"},"resources":[{"name":"[concat(parameters('factoryName'), '/pl_troubleshooting')]","type":"Microsoft.DataFactory/factories/pipelines","apiVersion":"2018-06-01","properties":{"activities":[{"name":"Copy From Blob To Azure SQL","type":"Copy","dependsOn":[],"policy":{"timeout":"7.00:00:00","retry":0,"retryIntervalInSeconds":30,"secureOutput":false,"secureInput":false},"userProperties":[],"typeProperties":{"source":{"type":"DelimitedTextSource","storeSettings":{"type":"AzureBlobStorageReadSettings","recursive":true},"formatSettings":{"type":"DelimitedTextReadSettings"}},"sink":{"type":"AzureSqlSink"},"enableStaging":false,"translator":{"type":"TabularTranslator","mappings":[{"source":{"name":"Name","type":"String","physicalType":"String"},"sink":{"name":"Name"}},{"source":{"name":"Code","type":"String"},"sink":{"name":"Code"}}],"typeConversion":true,"typeConversionSettings":{"allowDataTruncation":true,"treatBooleanAsNumber":false}}},"inputs":[{"referenceName":"CsvData","type":"DatasetReference","parameters":{"filename":"airlines.csv"}}],"outputs":[{"referenceName":"AzureSQLTablesDataset","type":"DatasetReference","parameters":{"tableName":"Airline"}}]},{"name":"Record Status Success","type":"SqlServerStoredProcedure","dependsOn":[{"activity":"Set Success","dependencyConditions":["Succeeded"]}],"policy":{"timeout":"7.00:00:00","retry":0,"retryIntervalInSeconds":30,"secureOutput":false,"secureInput":false},"userProperties":[],"typeProperties":{"storedProcedureName":"[[dbo].[InsertPipelineLog]","storedProcedureParameters":{"PipelineID":{"value":{"value":"@pipeline().Pipeline","type":"Expression"},"type":"String"},"RunID":{"value":{"value":"@pipeline().RunId","type":"Expression"},"type":"String"},"Status":{"value":{"value":"@variables('Status')","type":"Expression"},"type":"String"},"UpdatedAt":{"value":{"value":"@utcnow()","type":"Expression"},"type":"DateTime"}}},"linkedServiceName":{"referenceName":"[parameters('AzureSqlDatabaseLinkedService')]","type":"LinkedServiceReference"}},{"name":"Set Success","type":"SetVariable","dependsOn":[{"activity":"Copy From Blob To Azure SQL","dependencyConditions":["Succeeded"]}],"userProperties":[],"typeProperties":{"variableName":"Status","value":"Success"}},{"name":"Set Failure","type":"SetVariable","dependsOn":[{"activity":"Copy From Blob To Azure SQL","dependencyConditions":["Failed"]}],"userProperties":[],"typeProperties":{"variableName":"Status","value":"Failure"}},{"name":"Record Status Failure","type":"SqlServerStoredProcedure","dependsOn":[{"activity":"Set Failure","dependencyConditions":["Succeeded"]}],"policy":{"timeout":"7.00:00:00","retry":0,"retryIntervalInSeconds":30,"secureOutput":false,"secureInput":false},"userProperties":[],"typeProperties":{"storedProcedureName":"[[dbo].[InsertPipelineLog]","storedProcedureParameters":{"PipelineID":{"value":{"value":"@pipeline().Pipeline","type":"Expression"},"type":"String"},"RunID":{"value":{"value":"@pipeline().RunId","type":"Expression"},"type":"String"},"Status":{"value":{"value":"@variables('Status')","type":"Expression"},"type":"String"},"UpdatedAt":{"value":{"value":"@utcnow()","type":"Expression"},"type":"DateTime"}}},"linkedServiceName":{"referenceName":"[parameters('AzureSqlDatabaseLinkedService')]","type":"LinkedServiceReference"}}],"variables":{"Status":{"type":"String","defaultValue":"Unknown"}},"annotations":[],"lastPublishTime":"2020-09-13T20:58:52Z"},"dependsOn":["[concat(variables('factoryId'), '/datasets/CsvData')]","[concat(variables('factoryId'), '/datasets/AzureSQLTablesDataset')]"]},{"name":"[concat(parameters('factoryName'), '/CsvData')]","type":"Microsoft.DataFactory/factories/datasets","apiVersion":"2018-06-01","properties":{"linkedServiceName":{"referenceName":"[parameters('AzureBlobStorageLinkedService')]","type":"LinkedServiceReference"},"parameters":{"filename":{"type":"string"}},"annotations":[],"type":"DelimitedText","typeProperties":{"location":{"type":"AzureBlobStorageLocation","fileName":{"value":"@dataset().filename","type":"Expression"},"container":"data"},"columnDelimiter":",","escapeChar":"\\","firstRowAsHeader":true,"quoteChar":"\""},"schema":[{"name":"Name","type":"String"},{"name":"Code","type":"String"}]},"dependsOn":[]},{"name":"[concat(parameters('factoryName'), '/AzureSQLTablesDataset')]","type":"Microsoft.DataFactory/factories/datasets","apiVersion":"2018-06-01","properties":{"linkedServiceName":{"referenceName":"[parameters('AzureSqlDatabaseLinkedService')]","type":"LinkedServiceReference"},"parameters":{"tableName":{"type":"string"}},"annotations":[],"type":"AzureSqlTable","schema":[{"name":"Name","type":"nvarchar"},{"name":"Code","type":"nvarchar"}],"typeProperties":{"table":{"value":"@dataset().tableName","type":"Expression"}}},"dependsOn":[]}]}